"","Strategy","Cost","Effect","Inc_Cost","Inc_Effect","ICER","Status"
"1","No.Tx",4141.09274193822,19.6448632372442,NA,NA,NA,"ND"
"2","Tx.All",13018.9053282206,19.7436942898226,8877.81258628241,0.098831052578479,89828.169939127,"ND"
"3","Biopsy",32842.8058738349,19.7812794078095,19823.9005456143,0.0375851179868327,527440.15736652,"ND"
