"","Strategy","Cost","Effect","Inc_Cost","Inc_Effect","ICER","Status"
"1","Standard.of.Care",8150.69969134385,10.2271420489521,NA,NA,NA,"ND"
"2","Treatment",10505.9239930113,11.6952739837036,2355.22430166742,1.4681319347515,1604.23204884926,"ND"
