"","Strategy","Cost","Effect","Inc_Cost","Inc_Effect","ICER","Status"
"1","Standard.of.Care",8035.77839908206,10.2451991885303,NA,NA,NA,"ND"
"2","Treatment",10312.2536108993,11.7232821598283,2276.4752118172,1.47808297129794,1540.15387229458,"ND"
