"","Strategy","Cost","Effect","Inc_Cost","Inc_Effect","ICER","Status"
"1","No.Treatment",86438.4626566282,17.1043231769476,NA,NA,NA,"ND"
"2","Treatment",161472.772055079,17.72939976894,75034.3093984511,0.625076591992389,120040.184450492,"ND"
