"","Strategy","Cost","Effect","Inc_Cost","Inc_Effect","ICER","Status"
"1","No.Treatment",77033.8018670066,15.6993725320833,NA,NA,NA,"ND"
"2","Treatment",143354.799394891,16.277913944013,66320.9975278843,0.578541411929715,114634.831941713,"ND"
