"","Strategy","Cost","Effect","Inc_Cost","Inc_Effect","ICER","Status"
"1","No.Treatment",90609.6243906458,16.7974351470233,NA,NA,NA,"ND"
"2","Treatment",168358.953955398,17.411784397335,77749.3295647525,0.614349250311655,126555.586297714,"ND"
