"","Strategy","Cost","Effect","Inc_Cost","Inc_Effect","ICER","Status"
"1","Standard.of.Care",9074.59288806241,13.6958480845072,NA,NA,NA,"ND"
"2","Treatment.B",34549.8030188856,18.0626500668009,25475.2101308232,4.36680198229371,5833.83680645901,"ND"
"3","Treatment.A",19691.3303079453,15.0816815039878,NA,NA,NA,"ED"
