"","Strategy","Cost","Effect","Inc_Cost","Inc_Effect","ICER","Status"
"1","Standard.of.Care",9074.59288806241,11.3996574961252,NA,NA,NA,"ND"
"2","Treatment.B",14501.7780690259,14.7149036110329,5427.18518096352,3.31524611490772,1637.03839559875,"ND"
"3","Treatment.A",12241.1695057397,12.4486215617033,NA,NA,NA,"ED"
