"","Strategy","Cost","Effect","Inc_Cost","Inc_Effect","ICER","Status"
"1","Standard.of.Care",8148.00393603119,10.2870557543021,NA,NA,NA,"ND"
"2","Treatment",10470.9977480034,11.7480840722463,2322.99381197225,1.46102831794411,1589.9717914031,"ND"
