"","Strategy","Cost","Effect","Inc_Cost","Inc_Effect","ICER","Status"
"1","Standard of care",147556.868502504,20.8214083929259,NA,NA,NA,"ND"
"2","Strategy B",246796.454478728,22.2555837749597,99239.5859762238,1.43417538203377,69196.2693122611,"ND"
"3","Strategy AB",359122.986757576,23.1615424502856,112326.532278848,0.905958675325948,123986.375248777,"ND"
"4","Strategy A",274149.613147342,21.5775968696875,NA,NA,NA,"D"
