"","Strategy","Cost","Effect","Inc_Cost","Inc_Effect","ICER","Status"
"1","No.Treatment",90609.6243906458,16.9079894593202,NA,NA,NA,"ND"
"2","Treatment",168358.953955398,17.5025286654214,77749.3295647525,0.594539206101249,130772.417978289,"ND"
