"","Strategy","Cost","Effect","Inc_Cost","Inc_Effect","ICER","Status"
"1","No.Treatment",77033.8018670066,15.8095201941364,NA,NA,NA,"ND"
"2","Treatment",143354.799394891,16.3681950432901,66320.9975278843,0.558674849153688,118711.264035514,"ND"
